times,Day,Month,Date,CO2,Year,wd,Windgeschwindigkeit,Windrichtung,temp,Luftfeuchtigkeit,Bedeckungsgrad,Pressure,Intensity
0,1,9,2016-09-01,399.265,2016,Donnerstag,6,340,4,100,NA,719.4,0.008733535942096839
0,7,6,2016-06-07,398.157,2016,Dienstag,3.2,110,2.3,80,NA,716.6,0.0085971832321306
0,8,8,2016-08-08,399.615,2016,Montag,5,120,5.4,54,NA,721.3,0.009072705510207519
0,9,9,2016-09-09,398.647,2016,Freitag,2.6,360,3.6,100,NA,716.4,0.008572065251829249
0,23,6,2016-06-23,406.329,2016,Donnerstag,2.9,40,8.3,28,NA,723.3,0.008888414265556812
0,23,8,2016-08-23,396.579,2016,Dienstag,3.2,360,2.1,100,NA,722.2,0.008886762047180023
0,25,7,2016-07-25,397.83,2016,Montag,1.5,140,5.5,99,NA,718.1,0.009137560781098135
0,26,7,2016-07-26,402.411,2016,Dienstag,1.4,50,4.5,95,NA,718.3,0.00913589871599546
0,26,8,2016-08-26,398.942,2016,Freitag,4.5,310,10.7,41,NA,720.9,0.008839185966620712
0,27,7,2016-07-27,400.13,2016,Mittwoch,2.7,340,5.1,74,NA,717.8,0.009133682692834485
0,27,8,2016-08-27,401.297,2016,Samstag,1.8,170,9.4,62,NA,722.1,0.008822393167085094
0,28,7,2016-07-28,397.681,2016,Donnerstag,2.9,330,3.1,100,NA,716.2,0.009130910343703155
0,28,8,2016-08-28,401.562,2016,Sonntag,3.8,240,9.3,65,NA,720.9,0.00880521973234077
0,31,8,2016-08-31,398.831,2016,Mittwoch,5.9,150,4.9,84,NA,719,NA
1,1,9,2016-09-01,399.133,2016,Donnerstag,5.8,340,3.7,87,NA,719.4,0.008745272745225251
1,7,6,2016-06-07,398.727,2016,Dienstag,1.9,130,2.4,82,NA,716.6,0.008644126640888337
1,8,8,2016-08-08,399.771,2016,Montag,4.9,130,5.2,50,NA,721,0.009090495728383809
1,9,9,2016-09-09,399.046,2016,Freitag,3,360,4.2,100,NA,716.1,0.008586372449968627
1,23,6,2016-06-23,406.306,2016,Donnerstag,3,10,8.1,29,NA,723.2,0.008947144831406522
1,23,8,2016-08-23,396.434,2016,Dienstag,4.8,350,2.3,100,NA,722,0.00889805732629993
1,25,7,2016-07-25,397.85,2016,Montag,1.7,120,5.3,99,NA,717.9,0.00916271935035718
1,26,7,2016-07-26,402.407,2016,Dienstag,1.4,360,4.3,100,NA,718.2,0.009160620747073533
1,26,8,2016-08-26,398.614,2016,Freitag,4.7,320,11.2,27,NA,720.7,0.008850776590318955
1,27,7,2016-07-27,400.176,2016,Mittwoch,1.7,330,4.6,81,NA,717.4,0.00915794778632707
1,27,8,2016-08-27,401.336,2016,Samstag,2.7,190,9.2,77,NA,721.9,0.00883398129795391
1,28,7,2016-07-28,395.737,2016,Donnerstag,2.9,350,1.9,100,NA,715.8,0.009154684788044305
1,28,8,2016-08-28,401.027,2016,Sonntag,3.4,280,8.5,75,NA,720.7,0.00881682051610884
1,31,8,2016-08-31,399.025,2016,Mittwoch,4.9,170,5.6,76,NA,718.8,NA
10,1,9,2016-09-01,399.498,2016,Donnerstag,2.2,280,4.2,98,8,720.2,0.024037583599444922
10,7,6,2016-06-07,397.326,2016,Dienstag,2.1,80,4.4,79,5,717.9,0.024182734674749257
10,8,8,2016-08-08,393.58,2016,Montag,1.8,20,6.1,60,1,720.2,0.026317766999953106
10,9,9,2016-09-09,400.319,2016,Freitag,5,140,5.2,92,7,716.8,0.023123751565270332
10,23,8,2016-08-23,395.237,2016,Dienstag,3.9,360,5.9,72,1,723.7,0.024958641980991302
10,25,7,2016-07-25,400.131,2016,Montag,1.1,320,7.2,94,NA,717.9,0.02703561141134401
10,26,7,2016-07-26,401.408,2016,Dienstag,1.6,140,7.6,87,7,718.4,0.02700071779875534
10,27,7,2016-07-27,398.268,2016,Mittwoch,1.7,150,7.4,81,7,717,0.026961877955738633
10,27,8,2016-08-27,401.19,2016,Samstag,4.2,140,11.4,71,1,722,0.024567316583236524
10,28,7,2016-07-28,396.54,2016,Donnerstag,1.9,190,4.5,90,7,716,0.026919268606519834
10,28,8,2016-08-28,404.951,2016,Sonntag,3.7,140,8.4,88,8,720.6,0.024463446215876563
10,NA,NA,2016-06-23,NA,NA,NA,2.5,90,13.2,9,1,723.6,NA
10,NA,NA,2016-08-26,NA,NA,NA,2,310,11.6,33,1,721.6,NA
10,NA,NA,2016-08-31,NA,NA,NA,4.2,140,6.8,84,3,719.5,NA
11,1,9,2016-09-01,399.427,2016,Donnerstag,1.7,330,4.2,100,NA,720.2,0.029468685408231488
11,7,6,2016-06-07,397.742,2016,Dienstag,2.6,120,3.9,83,6,718,0.02924315564824668
11,8,8,2016-08-08,398.514,2016,Montag,1.9,300,7.4,52,1,720.2,0.03349982073648743
11,9,9,2016-09-09,399.913,2016,Freitag,4.5,140,5.9,91,7,716.9,0.027970901601198847
11,23,6,2016-06-23,406.206,2016,Donnerstag,2.4,110,13.1,35,1,723.8,0.03249736461552854
11,23,8,2016-08-23,394.708,2016,Dienstag,3.8,10,6.6,70,1,723.8,0.031143288698377406
11,25,7,2016-07-25,400.131,2016,Montag,1.3,330,5.6,96,7,718,0.03469317670692873
11,26,7,2016-07-26,401.125,2016,Dienstag,1.3,110,6.6,90,7,718.4,0.03463636308718435
11,27,7,2016-07-27,397.789,2016,Mittwoch,2.1,180,8.1,79,7,716.8,0.03457297691717101
11,27,8,2016-08-27,401.098,2016,Samstag,4.6,140,11.6,68,2,721.9,0.030437430571770344
11,28,7,2016-07-28,396.518,2016,Donnerstag,2,270,4.3,95,7,715.9,0.03450316636268369
11,28,8,2016-08-28,405.265,2016,Sonntag,3.5,150,10.3,78,6,720.5,0.030263317614454773
11,NA,NA,2016-08-26,NA,NA,NA,2.2,170,12.9,59,1,721.8,NA
11,NA,NA,2016-08-31,NA,NA,NA,2.7,150,8.1,78,4,719.7,NA
12,NA,NA,2016-08-23,NA,NA,NA,3.9,10,6.7,61,1,723.9,NA
12,NA,NA,2016-07-25,NA,NA,NA,1.7,10,6.3,84,7,717.9,NA
12,NA,NA,2016-07-26,NA,NA,NA,1.3,130,6,88,8,718.4,NA
12,NA,NA,2016-06-23,NA,NA,NA,3,130,13.1,41,1,723.6,NA
12,NA,NA,2016-07-27,NA,NA,NA,2.1,230,7.6,86,7,716.7,NA
12,NA,NA,2016-06-07,NA,NA,NA,2.3,120,3.6,84,7,717.9,NA
12,NA,NA,2016-07-28,NA,NA,NA,2.3,330,3.7,100,7,715.9,NA
12,NA,NA,2016-08-08,NA,NA,NA,2.3,280,7,75,1,720.3,NA
12,NA,NA,2016-09-09,NA,NA,NA,4.6,140,5.5,94,7,717,NA
12,NA,NA,2016-08-26,NA,NA,NA,3.3,160,13.2,66,1,722,NA
12,NA,NA,2016-08-28,NA,NA,NA,2.9,160,10.7,75,6,720.4,NA
12,NA,NA,2016-08-31,NA,NA,NA,2,160,7.2,84,4,719.7,NA
12,NA,NA,2016-08-27,NA,NA,NA,4.7,140,11.7,82,4,721.9,NA
12,NA,NA,2016-09-01,NA,NA,NA,2.4,330,4.2,100,NA,720.1,NA
13,1,9,2016-09-01,398.135,2016,Donnerstag,2.7,310,4.1,100,NA,719.9,0.033637616656496276
13,7,6,2016-06-07,398.519,2016,Dienstag,1.3,40,3.2,79,7,718,0.03166040407671905
13,8,8,2016-08-08,394.065,2016,Montag,2,340,7,75,1,720.3,0.03920038740809607
13,9,9,2016-09-09,398.778,2016,Freitag,4,140,6.3,88,7,716.9,0.03135518720030449
13,23,6,2016-06-23,406.259,2016,Donnerstag,3.3,140,12.8,43,1,723.7,0.03580295703525746
13,23,8,2016-08-23,393.412,2016,Dienstag,4.3,10,7.3,47,1,723.9,0.03602103484744211
13,25,7,2016-07-25,399.755,2016,Montag,1.7,350,6,91,7,718,0.040315482044123455
13,26,7,2016-07-26,400.741,2016,Dienstag,1.2,360,5.6,86,7,718.3,0.040293112228344835
13,26,8,2016-08-26,401.78,2016,Freitag,3.9,150,12,75,1,722.1,0.0352559941661802
13,27,7,2016-07-27,396.839,2016,Mittwoch,1.9,230,6,97,7,716.4,0.04025995987539117
13,27,8,2016-08-27,401.391,2016,Samstag,3.1,140,11.5,85,5,721.8,0.034991538857159686
13,28,7,2016-07-28,394.37,2016,Donnerstag,2.3,310,4.2,100,NA,715.9,0.040216026396211656
13,28,8,2016-08-28,404.169,2016,Sonntag,2.6,170,9.7,86,6,720.2,0.03472391667024284
13,31,8,2016-08-31,397.781,2016,Mittwoch,1.5,140,6.9,79,4,719.5,NA
14,1,9,2016-09-01,397.81,2016,Donnerstag,3.2,320,4.6,98,NA,720,0.028780573563008408
14,7,6,2016-06-07,399.286,2016,Dienstag,1.4,360,3.6,73,7,717.7,0.026985278547926164
14,8,8,2016-08-08,394.619,2016,Montag,1.9,360,6.9,81,2,720.2,0.03216287024633128
14,9,9,2016-09-09,398.034,2016,Freitag,2.9,150,6.4,91,7,716.9,0.027156044585901512
14,23,6,2016-06-23,407.226,2016,Donnerstag,3,140,13.6,50,1,723.6,0.029578090231874944
14,23,8,2016-08-23,391.758,2016,Dienstag,3.8,360,7.5,56,1,724,0.0303746548044487
14,25,7,2016-07-25,400.518,2016,Montag,2.7,360,5.6,94,7,718.1,0.0326015343895118
14,26,7,2016-07-26,400.368,2016,Dienstag,2.2,360,6.3,83,6,718.1,0.032604510900534144
14,26,8,2016-08-26,401.054,2016,Freitag,2.6,170,11.8,68,2,722.1,0.029427239475712588
14,27,7,2016-07-27,396.865,2016,Mittwoch,2.6,330,6.4,100,NA,716.1,0.03260186417097415
14,27,8,2016-08-27,401.843,2016,Samstag,1.6,170,11.7,80,5,721.6,0.02964298155577232
14,28,7,2016-07-28,392.921,2016,Donnerstag,2.8,320,4.3,97,7,715.8,0.03259351370485733
14,28,8,2016-08-28,403.552,2016,Sonntag,1.4,80,8.6,96,7,720.1,0.02949119394711144
14,31,8,2016-08-31,398.163,2016,Mittwoch,1.2,30,7,77,5,719.4,NA
15,1,9,2016-09-01,397.1,2016,Donnerstag,3.1,330,4.6,98,NA,720,0.02344587765773964
15,7,6,2016-06-07,399.072,2016,Dienstag,1.6,130,3.9,84,7,717.6,0.022130373114753105
15,8,8,2016-08-08,392.674,2016,Montag,1.8,270,7.5,87,5,719.9,0.02532281404335796
15,9,9,2016-09-09,397.667,2016,Freitag,3.7,150,6,95,7,716.7,0.02245510767405125
15,23,6,2016-06-23,407.791,2016,Donnerstag,1.3,100,13.8,54,1,723.4,0.023654748793008426
15,23,8,2016-08-23,393.724,2016,Dienstag,2.6,360,8,69,1,723.9,0.024317219013565563
15,25,7,2016-07-25,399.553,2016,Montag,2.8,360,6.4,100,NA,718.2,0.02547736743156093
15,26,7,2016-07-26,399.382,2016,Dienstag,2,350,6.6,88,7,718.1,0.025484887029030182
15,26,8,2016-08-26,400.737,2016,Freitag,2.4,180,12.2,79,2,722,0.024039991569546976
15,27,7,2016-07-27,396.949,2016,Mittwoch,4.2,340,5,100,NA,716.1,0.02548912823483699
15,27,8,2016-08-27,402.385,2016,Samstag,2.2,150,11.4,85,5,721.4,0.023942331840967265
15,28,7,2016-07-28,391.5,2016,Donnerstag,3.5,340,4.3,100,NA,715.7,0.025490038964969392
15,28,8,2016-08-28,402.928,2016,Sonntag,1.8,350,8.6,95,7,720,0.02384238873417246
15,31,8,2016-08-31,398.608,2016,Mittwoch,1.4,120,7,80,6,719.4,NA
16,1,9,2016-09-01,396.513,2016,Donnerstag,4,340,4.7,100,NA,720,0.019195663632337497
16,7,6,2016-06-07,399.313,2016,Dienstag,2.1,20,3.7,81,6,717.5,0.01827475091103232
16,8,8,2016-08-08,391.488,2016,Montag,2.5,320,6.6,97,8,719.6,0.02024823776040892
16,9,9,2016-09-09,397.734,2016,Freitag,3.1,130,5.9,93,NA,716.8,0.01855537137715164
16,23,6,2016-06-23,407.844,2016,Donnerstag,1.3,100,14.3,51,1,723,0.019235206033030045
16,23,8,2016-08-23,394.854,2016,Dienstag,3,360,8.4,63,1,723.9,0.019718900325916236
16,25,7,2016-07-25,400.168,2016,Montag,3.2,360,5.3,98,6,718.1,0.02043107960655992
16,26,7,2016-07-26,398.8,2016,Dienstag,3.4,360,5.4,100,8,718,0.020427840449068767
16,26,8,2016-08-26,399.836,2016,Freitag,1.8,190,11.2,88,4,722,0.019550284370135795
16,27,7,2016-07-27,397.943,2016,Mittwoch,5.1,340,4.2,100,NA,716,0.020427297801789528
16,27,8,2016-08-27,403.389,2016,Samstag,3.1,140,11.9,83,4,721.3,0.019490550601012808
16,28,7,2016-07-28,390.848,2016,Donnerstag,3.3,340,4.2,100,NA,715.7,0.020427405727475992
16,28,8,2016-08-28,401.33,2016,Sonntag,2.1,350,8.1,97,NA,719.8,0.019429274234566835
16,31,8,2016-08-31,398.713,2016,Mittwoch,2.2,340,7.1,100,NA,719.3,NA
17,1,9,2016-09-01,396.722,2016,Donnerstag,4.9,340,4.2,100,NA,719.8,0.016047761626511753
17,7,6,2016-06-07,399.71,2016,Dienstag,1.3,30,3.6,91,7,717.3,0.015497358504370604
17,8,8,2016-08-08,391.512,2016,Montag,3.4,340,5.7,100,NA,719.4,0.016812206330615007
17,9,9,2016-09-09,398.384,2016,Freitag,2.9,120,5.7,94,NA,716.8,0.01564039724428192
17,23,6,2016-06-23,407.901,2016,Donnerstag,1.4,170,16.4,40,1,722.9,0.01607125937930039
17,23,8,2016-08-23,395.947,2016,Dienstag,5.1,360,8.9,57,2,723.7,0.016435723895503317
17,25,7,2016-07-25,399.884,2016,Montag,3.1,360,6.1,100,NA,718.3,0.016864160052821615
17,26,7,2016-07-26,399.811,2016,Dienstag,4.1,30,3.9,100,8,718.3,0.01686869495006589
17,26,8,2016-08-26,399.186,2016,Freitag,1.5,300,12.2,78,1,721.8,0.01632402721589644
17,27,7,2016-07-27,398.671,2016,Mittwoch,4.7,310,4.7,100,7,716.2,0.016871863394832452
17,27,8,2016-08-27,405.381,2016,Samstag,3.5,140,11.4,78,5,721.1,0.016286596443115912
17,28,7,2016-07-28,390.551,2016,Donnerstag,3.7,340,4.1,100,NA,715.6,0.016873652940862047
17,28,8,2016-08-28,398.831,2016,Sonntag,4.4,360,7.1,96,6,719.4,0.01625638746286517
17,31,8,2016-08-31,398.741,2016,Mittwoch,3.9,340,5.8,100,NA,719.1,NA
18,1,9,2016-09-01,396.476,2016,Donnerstag,5.4,340,3.9,100,NA,719.8,0.013791264239509464
18,7,6,2016-06-07,399.903,2016,Dienstag,1,20,3,89,6,717.5,0.01332563931516782
18,8,8,2016-08-08,392.299,2016,Montag,3.9,310,5.7,100,7,719.2,0.014362594988970826
18,9,9,2016-09-09,398.452,2016,Freitag,3.2,160,5,88,5,716.9,0.013498379517135664
18,23,6,2016-06-23,408.021,2016,Donnerstag,0.7,290,13.6,38,1,722.8,0.013821266282700785
18,23,8,2016-08-23,397.806,2016,Dienstag,4.6,360,8.9,57,1,723.8,0.014095201044745891
18,25,7,2016-07-25,400.307,2016,Montag,3.5,350,5,100,NA,718.4,0.014406636875491026
18,26,7,2016-07-26,400.023,2016,Dienstag,5.1,360,3.9,95,8,718.3,0.014409679209545322
18,26,8,2016-08-26,399.662,2016,Freitag,1.4,260,12,66,1,721.9,0.01398234202058794
18,27,7,2016-07-27,398.339,2016,Mittwoch,4.8,330,4.1,100,NA,716.1,0.014411685976826119
18,27,8,2016-08-27,403.988,2016,Samstag,3,190,10.8,74,5,721.2,0.013954179793376015
18,28,7,2016-07-28,391.109,2016,Donnerstag,4.2,330,4.1,100,NA,715.6,0.014412646658348864
18,28,8,2016-08-28,398.077,2016,Sonntag,4.3,350,7.3,92,6,719.7,0.013923956409564816
18,31,8,2016-08-31,399.98,2016,Mittwoch,3.5,340,4.6,100,6,719,NA
19,1,9,2016-09-01,396.251,2016,Donnerstag,5,330,3.8,100,NA,720,0.01212730036600267
19,7,6,2016-06-07,399.871,2016,Dienstag,1.7,350,2.4,85,6,717.4,0.011773208720286595
19,8,8,2016-08-08,392.602,2016,Montag,4.7,300,4.7,100,7,719.1,0.012592356502379614
19,9,9,2016-09-09,398.413,2016,Freitag,3.6,150,5.5,87,2,717.3,0.0118761330641618
19,23,6,2016-06-23,407.243,2016,Donnerstag,1.2,50,13.2,33,1,722.8,0.012175894714771547
19,23,8,2016-08-23,398.892,2016,Dienstag,5,10,8.8,55,1,724.1,0.012350285301728856
19,25,7,2016-07-25,400.442,2016,Montag,2.6,360,5.1,100,NA,718.6,0.0126356029825146
19,26,7,2016-07-26,400.064,2016,Dienstag,3.7,360,4.8,86,7,718.3,0.012637422355936493
19,26,8,2016-08-26,400.924,2016,Freitag,0.8,330,10.5,45,1,722.2,0.012283898616247823
19,27,7,2016-07-27,398.765,2016,Mittwoch,4.9,330,3.7,100,NA,716.2,0.012638406294037133
19,27,8,2016-08-27,404.481,2016,Samstag,5.8,160,9.6,94,6,721.2,0.012259674766857267
19,28,7,2016-07-28,391.133,2016,Donnerstag,3.4,330,3.8,100,NA,715.9,0.012638547808004014
19,28,8,2016-08-28,398.114,2016,Sonntag,3.8,270,8.3,52,7,720,0.012234636451837009
19,31,8,2016-08-31,399.053,2016,Mittwoch,3.9,300,3.6,68,5,719.6,NA
2,1,9,2016-09-01,399.334,2016,Donnerstag,5,310,3.6,99,NA,719.3,0.008971493420063387
2,7,6,2016-06-07,398.356,2016,Dienstag,0.7,230,2,86,NA,716.5,0.008902819643839942
2,8,8,2016-08-08,399.969,2016,Montag,4.6,140,5,60,NA,720.6,0.00932663791618227
2,9,9,2016-09-09,399.379,2016,Freitag,2.6,340,3.9,100,NA,716.1,0.008812447931351584
2,23,6,2016-06-23,406.329,2016,Donnerstag,4,20,8.3,27,NA,723,0.009208402665469217
2,23,8,2016-08-23,396.2,2016,Dienstag,4.6,360,3.6,84,NA,722.1,0.009126658464181932
2,25,7,2016-07-25,397.927,2016,Montag,1.4,120,5.2,97,NA,717.7,0.009411114007541839
2,26,7,2016-07-26,402.633,2016,Dienstag,2.5,360,4.4,95,NA,718,0.009407894339150917
2,26,8,2016-08-26,398.478,2016,Freitag,4.8,330,10.3,50,NA,720.8,0.009077538585712296
2,27,7,2016-07-27,400.241,2016,Mittwoch,1.4,240,5.3,74,NA,717.1,0.009404114127325044
2,27,8,2016-08-27,401.381,2016,Samstag,4.1,210,9.5,66,NA,721.8,0.009060451573145936
2,28,7,2016-07-28,396.527,2016,Donnerstag,0.7,10,2.1,100,NA,715.6,0.009399773549003511
2,28,8,2016-08-28,400.719,2016,Sonntag,3.6,300,8,90,NA,720.3,0.009043065373146328
2,31,8,2016-08-31,398.841,2016,Mittwoch,4,190,5.2,80,NA,718.8,NA
20,1,9,2016-09-01,396.48,2016,Donnerstag,5,340,4.4,100,NA,720.1,0.010891038781315577
20,7,6,2016-06-07,400.352,2016,Dienstag,2.1,320,2.4,85,NA,717.6,0.01061418153413188
20,8,8,2016-08-08,395.167,2016,Montag,5.5,280,4.3,100,NA,719.3,0.011295654057386301
20,9,9,2016-09-09,398.458,2016,Freitag,3.3,150,5.3,95,NA,717.5,0.010677157706585136
20,23,6,2016-06-23,406.535,2016,Donnerstag,2.3,140,11.3,43,NA,722.8,0.010962736571840433
20,23,8,2016-08-23,399.588,2016,Dienstag,4.3,360,8.4,57,NA,724.1,0.011077793285534213
20,25,7,2016-07-25,400.509,2016,Montag,3,360,5.1,100,NA,718.9,0.011341629359112195
20,26,7,2016-07-26,400.243,2016,Dienstag,3.2,360,5.1,78,NA,718.5,0.011342467536809295
20,26,8,2016-08-26,400.708,2016,Freitag,1.3,140,9.8,73,NA,722.2,0.011024941350836247
20,27,7,2016-07-27,398.508,2016,Mittwoch,4.7,340,3.3,100,NA,716.6,0.011342590128682726
20,27,8,2016-08-27,403.19,2016,Samstag,5.3,200,10.1,79,NA,721.3,0.011004257515717718
20,28,7,2016-07-28,392.865,2016,Donnerstag,5.1,290,3,100,NA,715.8,0.01134199279863405
20,28,8,2016-08-28,398.137,2016,Sonntag,2.9,310,7.4,74,NA,720.2,0.010982833988238261
20,31,8,2016-08-31,399.314,2016,Mittwoch,4,280,4.4,67,NA,719.6,NA
21,1,9,2016-09-01,397.496,2016,Donnerstag,4.7,340,3.6,100,NA,720,0.009978391076466359
21,7,6,2016-06-07,400.686,2016,Dienstag,3.1,330,2.1,79,NA,717.6,0.009772423522829277
21,8,8,2016-08-08,396.222,2016,Montag,4.6,280,4,100,NA,718.9,0.010348500793871989
21,9,9,2016-09-09,398.128,2016,Freitag,5.4,150,4.9,99,NA,717.5,0.00979435191075627
21,23,6,2016-06-23,406.789,2016,Donnerstag,3.1,150,11.3,38,NA,722.6,0.010085492999340915
21,23,8,2016-08-23,400.119,2016,Dienstag,4.1,360,8.3,61,NA,724,0.010157691775890177
21,25,7,2016-07-25,400.728,2016,Montag,2,350,4.5,100,NA,718.9,0.010343345907593818
21,26,7,2016-07-26,400.346,2016,Dienstag,1.3,270,5.1,74,NA,718.4,0.010343307531973921
21,26,8,2016-08-26,400.079,2016,Freitag,1,170,9.6,80,NA,722.3,0.010105048249405717
21,27,7,2016-07-27,398.26,2016,Mittwoch,4.2,350,3.5,100,NA,716.7,0.010353811250854897
21,27,8,2016-08-27,403.05,2016,Samstag,4.6,230,9.9,77,NA,721.2,0.010088614861699343
21,28,7,2016-07-28,392.17,2016,Donnerstag,5.2,300,3.3,100,NA,715.7,0.010365724430377433
21,28,8,2016-08-28,397.995,2016,Sonntag,3.4,330,6.7,97,NA,720.2,0.010149176198998189
21,31,8,2016-08-31,399.15,2016,Mittwoch,4.4,310,4.7,62,NA,719.6,NA
22,1,9,2016-09-01,398.412,2016,Donnerstag,4.6,320,3.5,100,NA,719.9,0.009331282370509522
22,7,6,2016-06-07,400.106,2016,Dienstag,2.8,330,1.7,97,NA,717.6,0.009156456713467273
22,8,8,2016-08-08,397.392,2016,Montag,5.1,290,4,100,NA,718.6,0.009685440674297606
22,9,9,2016-09-09,397.993,2016,Freitag,3.6,160,5.6,85,NA,717.4,0.00915443513465262
22,23,6,2016-06-23,407.287,2016,Donnerstag,3.6,160,10.7,44,NA,722.6,0.009423839399781376
22,23,8,2016-08-23,400.133,2016,Dienstag,4.9,360,8.4,63,NA,723.9,0.009500585431699423
22,25,7,2016-07-25,400.88,2016,Montag,1.5,10,4.6,96,NA,718.6,0.00973019558261491
22,26,7,2016-07-26,400.318,2016,Dienstag,1.8,270,4.7,78,NA,718.2,0.009730749329332794
22,26,8,2016-08-26,400.867,2016,Freitag,1.1,250,10.7,25,NA,722.3,0.009440231342779892
22,27,7,2016-07-27,397.633,2016,Mittwoch,3.2,350,2.5,98,NA,716.3,0.009731208435554799
22,27,8,2016-08-27,402.971,2016,Samstag,3.4,250,9.5,80,NA,721.1,0.009425674901176821
22,28,7,2016-07-28,392.62,2016,Donnerstag,5.2,320,3,100,NA,715.7,0.009731102733817736
22,28,8,2016-08-28,398.352,2016,Sonntag,3.3,330,6.3,95,NA,720,0.009408212648238126
22,31,8,2016-08-31,398.474,2016,Mittwoch,5.6,300,4.8,62,NA,719.6,NA
23,1,9,2016-09-01,398.383,2016,Donnerstag,5.1,330,3,100,NA,719.5,0.00890932765219713
23,7,6,2016-06-07,400.424,2016,Dienstag,1.6,340,1.4,87,NA,717.1,0.008781830761122118
23,8,8,2016-08-08,396.893,2016,Montag,6,280,4,100,NA,718.4,0.009264539399156906
23,9,9,2016-09-09,397.691,2016,Freitag,4.5,180,5.5,87,NA,717.3,0.008748012153441093
23,23,6,2016-06-23,407.335,2016,Donnerstag,5.1,200,10.8,41,NA,722.3,0.00907219623498818
23,23,8,2016-08-23,400.471,2016,Dienstag,3.7,360,8.3,63,NA,723.8,0.009075164085940226
23,25,7,2016-07-25,402.105,2016,Montag,3.2,10,4.6,99,NA,718.3,0.009328585994892186
23,26,7,2016-07-26,400.166,2016,Dienstag,2,300,5.3,74,NA,718,0.009327071310453613
23,26,8,2016-08-26,401.695,2016,Freitag,0.8,120,9.5,67,NA,722.1,0.009025466262278405
23,27,7,2016-07-27,397.398,2016,Mittwoch,2.8,340,4.1,100,NA,716.1,0.009324980603368196
23,27,8,2016-08-27,401.694,2016,Samstag,5.1,250,9.8,63,NA,721,0.00900814551980035
23,28,7,2016-07-28,392.732,2016,Donnerstag,4.8,310,3.2,100,NA,715.6,0.009322314424405707
23,28,8,2016-08-28,398.864,2016,Sonntag,3.2,300,6.2,99,NA,719.8,0.008990538794770684
23,31,8,2016-08-31,398.734,2016,Mittwoch,5.5,320,4,74,NA,719.7,NA
3,1,9,2016-09-01,399.343,2016,Donnerstag,3.4,310,4.4,100,NA,719.2,0.009411511780843233
3,7,6,2016-06-07,397.959,2016,Dienstag,2,210,2.1,80,NA,716.3,0.009382166306115743
3,8,8,2016-08-08,401.322,2016,Montag,3.9,150,6.3,61,NA,720.4,0.009790718519922283
3,9,9,2016-09-09,399.316,2016,Freitag,2,340,4.1,100,NA,716,0.009254356393903774
3,23,6,2016-06-23,406.291,2016,Donnerstag,4.1,50,8.9,15,NA,722.8,0.009689399079664618
3,23,8,2016-08-23,396.376,2016,Dienstag,3,360,3.4,84,NA,722.1,0.009576727981065996
3,25,7,2016-07-25,398.568,2016,Montag,1.6,70,4.8,100,NA,717.5,0.00988681187252022
3,26,7,2016-07-26,402.627,2016,Dienstag,2.4,350,4.5,93,NA,717.8,0.009882573586369337
3,26,8,2016-08-26,398.664,2016,Freitag,4.4,330,11.5,13,NA,720.8,0.00952572185005445
3,27,7,2016-07-27,400.301,2016,Mittwoch,1.6,200,5.3,76,NA,716.8,0.009877766121504079
3,27,8,2016-08-27,400.92,2016,Samstag,4.4,210,9.6,71,NA,721.6,0.009508493202016527
3,28,7,2016-07-28,396.044,2016,Donnerstag,1,350,2.1,100,NA,715.5,0.009872396038731626
3,28,8,2016-08-28,401.313,2016,Sonntag,4.5,330,7.4,92,NA,720,0.009491790323388732
3,31,8,2016-08-31,398.728,2016,Mittwoch,3.2,220,5.5,74,NA,718.7,NA
4,1,9,2016-09-01,399.598,2016,Donnerstag,3.7,350,3.7,100,NA,719,0.010094631142848915
4,7,6,2016-06-07,398.067,2016,Dienstag,1.2,250,2.7,74,1,716.5,0.010097556907704424
4,8,8,2016-08-08,399.491,2016,Montag,2.1,170,5.4,64,1,720.3,0.010476915550439331
4,9,9,2016-09-09,399.625,2016,Freitag,2.5,330,4,100,NA,715.9,0.009922269631039093
4,23,6,2016-06-23,406.236,2016,Donnerstag,3.3,70,9.7,10,0,722.7,0.010433093511334065
4,23,8,2016-08-23,396.496,2016,Dienstag,3.3,350,4,74,1,722.2,0.0102636848429481
4,25,7,2016-07-25,398.533,2016,Montag,1.9,80,4.9,99,8,717.4,0.010609266430110715
4,26,7,2016-07-26,402.1,2016,Dienstag,1.8,360,4.7,86,6,717.8,0.010603934963122246
4,26,8,2016-08-26,400.382,2016,Freitag,3.9,320,10.7,26,0,720.8,0.010208760238554989
4,27,7,2016-07-27,400.237,2016,Mittwoch,1.9,210,5.3,72,7,716.8,0.010597996433627323
4,27,8,2016-08-27,400.928,2016,Samstag,4.9,240,9.6,69,0,721.4,0.010189916020030417
4,28,7,2016-07-28,396.346,2016,Donnerstag,1.2,190,2.3,97,7,715.4,0.010591456222764152
4,28,8,2016-08-28,401.258,2016,Sonntag,4.5,310,8.3,46,3,719.9,0.010170851199365245
4,31,8,2016-08-31,398.854,2016,Mittwoch,3.2,260,5.2,79,0,718.7,NA
5,1,9,2016-09-01,399.209,2016,Donnerstag,3.6,340,4,100,NA,719.2,0.011034780534745287
5,7,6,2016-06-07,397.873,2016,Dienstag,2.2,340,2.6,80,1,716.7,0.011070023081874499
5,8,8,2016-08-08,399.144,2016,Montag,2.7,250,5.8,45,1,720.2,0.011480510865828786
5,9,9,2016-09-09,400.829,2016,Freitag,1.7,50,4,100,NA,716,0.010853293335210255
5,23,6,2016-06-23,405.893,2016,Donnerstag,3.3,70,11.5,9,0,722.8,0.011441498143688897
5,23,8,2016-08-23,396.613,2016,Dienstag,2.8,350,4,74,1,722.5,0.011230776994040272
5,25,7,2016-07-25,398.364,2016,Montag,3,120,5.1,97,7,717.4,0.011631166815839224
5,26,7,2016-07-26,402.247,2016,Dienstag,2.4,10,4.7,91,6,717.7,0.011624440976481614
5,26,8,2016-08-26,400.57,2016,Freitag,4.7,310,10.7,30,0,720.8,0.01117054628792569
5,27,7,2016-07-27,400.111,2016,Mittwoch,2.2,270,5.2,75,7,716.7,0.011617077517405275
5,27,8,2016-08-27,400.714,2016,Samstag,5.3,250,9.7,68,0,721.3,0.0111509602363897
5,28,7,2016-07-28,396.356,2016,Donnerstag,1.7,160,2.5,99,7,715.2,0.011609094644226237
5,28,8,2016-08-28,401.614,2016,Sonntag,4.6,320,7.1,66,4,719.9,0.011134641177103404
5,31,8,2016-08-31,398.7,2016,Mittwoch,1.9,270,5.5,77,1,718.8,NA
6,1,9,2016-09-01,399.216,2016,Donnerstag,2,330,3.7,100,7,719.2,0.012316270400299912
6,7,6,2016-06-07,397.993,2016,Dienstag,2.5,350,2.7,82,1,717,0.012372601784676125
6,8,8,2016-08-08,399.725,2016,Montag,5,330,6.1,49,1,720.1,0.012851735693083378
6,9,9,2016-09-09,400.794,2016,Freitag,1.9,70,3.4,100,NA,716.2,0.012105248990103134
6,23,6,2016-06-23,406.257,2016,Donnerstag,3,70,12,9,1,722.9,0.0128289402191841
6,23,8,2016-08-23,396.752,2016,Dienstag,3.5,360,4.2,74,1,722.8,0.012546182554092553
6,25,7,2016-07-25,398.833,2016,Montag,1.6,140,5.5,97,8,717.5,0.0130308208617577
6,26,7,2016-07-26,402.401,2016,Dienstag,1.1,10,4.5,100,NA,717.9,0.013022199333900775
6,26,8,2016-08-26,401.412,2016,Freitag,4.9,310,11,25,0,720.8,0.012476029258935054
6,27,7,2016-07-27,400.262,2016,Mittwoch,1.8,290,4.9,80,7,716.8,0.013012879143345693
6,27,8,2016-08-27,400.322,2016,Samstag,4.8,240,10.5,60,0,721.3,0.012454075765442269
6,28,7,2016-07-28,396.362,2016,Donnerstag,1.5,160,3.4,93,6,715.3,0.013002903214940914
6,28,8,2016-08-28,402.7,2016,Sonntag,4.4,340,7,72,3,720.1,0.012442246076953354
6,31,8,2016-08-31,398.631,2016,Mittwoch,1.1,310,6.9,64,1,718.7,NA
7,1,9,2016-09-01,399.539,2016,Donnerstag,2.2,300,4.3,100,NA,719.5,0.013961337218830524
7,7,6,2016-06-07,398.075,2016,Dienstag,2.8,360,2.2,85,1,717.2,0.014173329966964446
7,8,8,2016-08-08,399.894,2016,Montag,5.7,340,5.9,54,1,720.1,0.014748300523823383
7,9,9,2016-09-09,400.854,2016,Freitag,2.2,100,4.1,93,5,716.3,0.013779148456290757
7,23,6,2016-06-23,406.268,2016,Donnerstag,2.9,70,11.5,9,1,723,0.014748897295050046
7,23,8,2016-08-23,397.03,2016,Dienstag,4.5,360,4.4,65,1,723.2,0.014329916997063449
7,25,7,2016-07-25,398.936,2016,Montag,1.5,120,5.3,97,8,717.7,0.014949587317742569
7,26,7,2016-07-26,402.054,2016,Dienstag,1.6,10,4.8,96,7,718.1,0.014937848968389084
7,27,7,2016-07-27,400.381,2016,Mittwoch,1.6,300,5.1,78,7,716.9,0.014925184786385454
7,27,8,2016-08-27,400.151,2016,Samstag,2.7,230,12.1,54,0,721.5,0.014209473250010542
7,28,7,2016-07-28,396.284,2016,Donnerstag,1.2,150,4.3,92,6,715.4,0.014911618944415726
7,28,8,2016-08-28,403.469,2016,Sonntag,3.7,360,7.9,58,3,720.3,0.014178931315655216
7,31,8,2016-08-31,398.628,2016,Mittwoch,2.6,260,5.2,83,0,718.8,NA
7,NA,NA,2016-08-26,NA,NA,NA,4.9,320,10.9,27,0,720.9,NA
8,1,9,2016-09-01,399.509,2016,Donnerstag,3.3,310,3.6,100,NA,719.8,0.016400826368025458
8,7,6,2016-06-07,398.305,2016,Dienstag,2.1,10,2.3,89,2,717.4,0.016569363067929554
8,8,8,2016-08-08,397.425,2016,Montag,4.2,360,5.5,59,1,720.1,0.01732434322626721
8,9,9,2016-09-09,400.45,2016,Freitag,3.4,120,3.8,93,7,716.6,0.016030316840608773
8,23,6,2016-06-23,405.752,2016,Donnerstag,2.6,60,13,9,0,723.2,0.0173302137689373
8,23,8,2016-08-23,396.874,2016,Dienstag,5.2,10,4.6,79,1,723.5,0.016778730924467737
8,25,7,2016-07-25,399.027,2016,Montag,0.8,340,5.7,100,NA,717.7,0.017628800986377265
8,26,7,2016-07-26,401.93,2016,Dienstag,0.9,30,6.2,86,7,718.1,0.017612320122242574
8,27,7,2016-07-27,400.531,2016,Mittwoch,1.4,290,5.3,79,7,716.9,0.017594560439448223
8,27,8,2016-08-27,399.911,2016,Samstag,2,170,12,57,0,721.7,0.01661469751371932
8,28,7,2016-07-28,395.914,2016,Donnerstag,2.7,150,4.1,89,7,715.6,0.017575549464423273
8,28,8,2016-08-28,403.656,2016,Sonntag,1.4,80,9.3,77,4,720.6,0.016572533461315105
8,NA,NA,2016-08-26,NA,NA,NA,4.8,340,10.7,27,0,721.1,NA
8,NA,NA,2016-08-31,NA,NA,NA,1.7,180,7,75,1,719,NA
9,1,9,2016-09-01,399.582,2016,Donnerstag,4.7,280,3.4,100,NA,720.1,0.019631004386316705
9,7,6,2016-06-07,397.591,2016,Dienstag,1.8,10,2.7,73,3,717.7,0.01983362677554506
9,8,8,2016-08-08,392.833,2016,Montag,3.3,360,5.5,67,1,720.2,0.021011781107201744
9,9,9,2016-09-09,400.293,2016,Freitag,3.7,140,4.4,95,7,716.7,0.01903400175405809
9,23,6,2016-06-23,405.476,2016,Donnerstag,2.3,70,12.4,10,0,723.4,0.020984255827904304
9,23,8,2016-08-23,395.706,2016,Dienstag,4.4,360,5.7,74,1,723.6,0.02018942626402125
9,25,7,2016-07-25,399.225,2016,Montag,1,310,6.3,97,NA,717.7,0.02146266854758387
9,26,7,2016-07-26,401.611,2016,Dienstag,1,70,6.7,88,6,718.3,0.021438991915396582
9,27,7,2016-07-27,400.139,2016,Mittwoch,1.1,50,7.1,77,6,716.9,0.021413271810002202
9,27,8,2016-08-27,400.118,2016,Samstag,3,140,11.4,63,1,721.9,0.019951500875456715
9,28,7,2016-07-28,395.597,2016,Donnerstag,3.3,150,5,91,7,715.7,0.021385559050363257
9,28,8,2016-08-28,404.294,2016,Sonntag,2.5,140,8.6,83,6,720.6,0.019888730727474078
9,NA,NA,2016-08-26,NA,NA,NA,3.3,340,10.9,26,0,721.5,NA
9,NA,NA,2016-08-31,NA,NA,NA,2.7,140,6.5,81,2,719.3,NA
